{
  "train_loss": [
    1.938784585351801,
    1.4983819342507851,
    1.3816595411256012,
    1.3322558145174819,
    1.3036071682690682,
    1.0297194925810067,
    0.8668850831659546,
    0.7532772709256255,
    0.6868144137024433,
    0.6239043760500597,
    0.5724078774563829,
    0.5513054864962449,
    0.5031938592062684,
    0.4889137534919973,
    0.45443691509995565,
    0.43276209900441687,
    0.4038296312735545,
    0.40765530618835477,
    0.37115492654985255,
    0.3719429246913851,
    0.3755078696774856,
    0.3548126084388195,
    0.3450822818131371,
    0.33788232856921935,
    0.33732070005760434,
    0.3377085499437561,
    0.3274757045596726,
    0.3349515965368864,
    0.32617968061680763,
    0.3400119382343935
  ],
  "train_acc": [
    41.87148876404494,
    53.394194756554306,
    56.54260299625468,
    57.36774344569288,
    58.29236891385768,
    66.19264981273409,
    71.26053370786516,
    74.23338014981273,
    76.72050561797752,
    78.35323033707866,
    79.76942883895131,
    80.84035580524345,
    82.51989700374531,
    82.43211610486891,
    83.76638576779027,
    84.96605805243446,
    85.28206928838951,
    85.4751872659176,
    86.54026217228464,
    86.47003745318352,
    86.47588951310861,
    87.12546816479401,
    87.3185861423221,
    87.61704119850187,
    87.55266853932584,
    87.61704119850187,
    88.17883895131087,
    87.73408239700375,
    88.10276217228464,
    87.73408239700375
  ],
  "val_loss": [
    1.5076678492868127,
    1.3410897187769972,
    1.2762059225457791,
    1.2239020413503494,
    1.2123177892677928,
    0.9280937731436391,
    0.8527811323321075,
    0.7908379904904527,
    0.7559370490642118,
    0.7211553188624212,
    0.6966008125226709,
    0.6707374217827595,
    0.6693268536839888,
    0.6535288780112323,
    0.6320451645765465,
    0.6223687913136464,
    0.623487449059831,
    0.6126963857876228,
    0.6116936249166374,
    0.6100955500243488,
    0.5996344861277467,
    0.5980319936891729,
    0.6042968890602708,
    0.6005968181100754,
    0.5963603757921166,
    0.6024447717365804,
    0.5911811963666843,
    0.5899367905018426,
    0.5956389410805342,
    0.5999481160818874
  ],
  "val_acc": [
    55.98203348305431,
    58.881175990200084,
    61.004491629236426,
    62.92364230298081,
    63.781135157207025,
    71.70273581053492,
    73.41772151898734,
    76.03103307472438,
    77.09269089424255,
    78.84850959575337,
    79.46100449162924,
    80.64516129032258,
    80.35933033891384,
    81.17599020008167,
    82.03348305430788,
    82.19681502654144,
    82.23764801959983,
    82.4418129848918,
    82.36014699877501,
    83.09514087382605,
    83.09514087382605,
    83.21763985300123,
    83.01347488770926,
    83.3401388321764,
    83.3401388321764,
    83.25847284605962,
    83.299305839118,
    83.87096774193549,
    83.25847284605962,
    82.93180890159249
  ],
  "lr": [
    0.001,
    0.001,
    0.001,
    0.001,
    0.001,
    1e-05,
    9.960967771506666e-06,
    9.844486647586724e-06,
    9.652393605146845e-06,
    9.387718066217125e-06,
    9.054634122155991e-06,
    8.658394705735988e-06,
    8.205248749256014e-06,
    7.702342635146032e-06,
    7.157607493247108e-06,
    6.579634122155988e-06,
    5.977537507199337e-06,
    5.360813071670101e-06,
    4.7391869283298985e-06,
    4.122462492800663e-06,
    3.520365877844011e-06,
    2.9423925067528896e-06,
    2.397657364853965e-06,
    1.8947512507439855e-06,
    1.441605294264014e-06,
    1.045365877844011e-06,
    7.122819337828754e-07,
    4.476063948531559e-07,
    2.5551335241327677e-07,
    1.3903222849333507e-07
  ],
  "epoch_time": [
    593.0323107242584,
    501.8040523529053,
    713.3813011646271,
    420.2604432106018,
    404.55762362480164,
    478.0977153778076,
    454.78177666664124,
    457.12959837913513,
    415.44062757492065,
    388.8627026081085,
    441.83396100997925,
    464.2989909648895,
    456.7367434501648,
    451.09515500068665,
    488.5827012062073,
    756.6334326267242,
    693.979451417923,
    700.5768539905548,
    521.653068780899,
    448.68445587158203,
    450.8291742801666,
    405.37330532073975,
    392.0094211101532,
    380.60761427879333,
    401.0267074108124,
    380.06674695014954,
    380.76526737213135,
    378.7358112335205,
    378.79734110832214,
    381.710595369339
  ]
}